data,semana,hora,pedidos_pagos,unidades_pagas,receita_paga
1,1,0,3,4,"1172,54"
1,1,1,1,2,776
1,1,4,1,1,477
1,1,5,1,2,"978,3"
1,1,7,1,1,"384,3"
1,1,8,5,12,"2676,4"
1,1,9,6,9,"2677,76"
1,1,10,2,3,"869,29"
1,1,11,6,10,"2310,1"
1,1,12,11,17,"4382,4"
1,1,13,9,21,"6373,22"
1,1,14,13,22,"5594,83"
1,1,15,6,9,"2846,84"
1,1,16,5,10,"2158,65"
1,1,17,6,11,"3728,94"
1,1,18,7,11,"4300,3"
1,1,19,4,8,"2215,96"
1,1,20,9,16,"4864,63"
1,1,21,4,6,"2088,46"
1,1,22,4,6,"2932,32"
1,1,23,3,4,"1159,73"
2,1,0,5,8,"2947,39"
2,1,1,1,1,388
2,1,2,2,2,774
2,1,4,1,1,"339,3"
2,1,5,1,1,"339,3"
2,1,6,2,4,"750,6"
2,1,7,3,4,"1170,3"
2,1,8,3,3,"1361,14"
2,1,9,4,6,"2152,3"
2,1,10,6,8,"3059,61"
2,1,11,8,20,"6048,34"
2,1,12,15,26,"7925,37"
2,1,13,8,11,"4502,27"
2,1,14,9,17,"4669,71"
2,1,15,7,13,"3134,69"
2,1,16,10,13,"5233,81"
2,1,17,11,20,"6151,86"
2,1,18,15,23,"8254,22"
2,1,19,17,28,"9081,18"
2,1,20,13,22,"6859,22"
2,1,21,13,22,"8657,87"
2,1,22,17,33,"11351,4"
2,1,23,6,9,"3018,28"
3,1,0,6,11,"2729,6"
3,1,1,1,2,"368,84"
3,1,2,1,4,"885,6"
3,1,7,2,4,1541
3,1,8,6,21,"3617,23"
3,1,9,5,6,"2446,82"
3,1,10,6,8,"3525,83"
3,1,11,14,18,"7445,48"
3,1,12,9,19,"5646,53"
3,1,13,6,10,"2280,64"
3,1,14,8,15,"3523,84"
3,1,15,19,31,"8355,78"
3,1,16,7,12,"3932,21"
3,1,17,8,13,"4652,85"
3,1,18,8,9,"3581,42"
3,1,19,8,13,"3962,89"
3,1,20,15,18,"5948,76"
3,1,21,16,23,"7535,93"
3,1,22,13,19,"6580,94"
3,1,23,8,18,"5326,54"
4,1,0,4,6,"1775,68"
4,1,1,3,4,"1466,16"
4,1,2,2,6,2761
4,1,5,1,1,"342,74"
4,1,6,4,6,"1785,66"
4,1,7,4,5,"1855,32"
4,1,8,6,8,"2827,47"
4,1,9,14,19,"6360,79"
4,1,10,13,22,"5747,13"
4,1,11,9,15,"4707,2"
4,1,12,7,12,"3629,8"
4,1,13,13,21,"7177,23"
4,1,14,13,14,"5815,49"
4,1,15,10,13,"4307,27"
4,1,16,8,10,"3926,85"
4,1,17,8,9,"4099,85"
4,1,18,10,14,"4231,66"
4,1,19,8,10,"4297,43"
4,1,20,16,28,"9769,01"
4,1,21,12,20,"6962,2"
4,1,22,7,10,"3728,83"
4,1,23,7,10,"3115,52"
5,1,0,9,14,"3937,26"
5,1,1,3,6,2640
5,1,2,2,2,"723,6"
5,1,4,1,1,"339,3"
5,1,5,1,1,427
5,1,6,3,3,"1178,4"
5,1,7,5,10,"2448,72"
5,1,8,3,5,"1756,32"
5,1,9,8,10,"4110,25"
5,1,10,9,13,"4773,35"
5,1,11,62,80,"23207,75"
5,1,12,45,55,"18409,74"
5,1,13,37,49,"15555,41"
5,1,14,22,32,"10475,28"
5,1,15,16,25,"7533,09"
5,1,16,10,18,"6138,21"
5,1,17,13,13,"4228,19"
5,1,18,5,6,"1986,8"
5,1,19,10,16,"5361,62"
5,1,20,15,29,"10408,07"
5,1,21,11,14,"5473,03"
5,1,22,18,25,"10674,74"
5,1,23,14,21,"6975,61"
6,1,0,4,6,"2009,56"
6,1,1,4,5,"2316,7"
6,1,4,1,1,"339,3"
6,1,5,1,3,"1048,95"
6,1,6,6,6,"2478,33"
6,1,7,5,7,"2183,27"
6,1,8,11,19,"7013,47"
6,1,9,8,14,"4680,96"
6,1,10,7,12,"4314,39"
6,1,11,18,27,"11167,72"
6,1,12,11,18,"5005,82"
6,1,13,10,19,"6607,06"
6,1,14,9,16,"5526,69"
6,1,15,14,22,"8673,42"
6,1,16,19,41,"11887,9"
6,1,17,14,27,"8085,22"
6,1,18,7,12,"4717,86"
6,1,19,16,28,"7200,84"
6,1,20,10,17,"5188,15"
6,1,21,14,25,"9099,65"
6,1,22,20,29,"10869,42"
6,1,23,9,14,"3704,4"
7,1,0,2,3,"1100,5"
7,1,1,3,4,"1220,5"
7,1,5,3,3,"912,4"
7,1,6,2,4,"1503,6"
7,1,7,8,15,"4903,84"
7,1,8,6,105,"45526,46"
7,1,9,17,20,"8570,6"
7,1,10,16,22,"8114,45"
7,1,11,20,30,"10131,82"
7,1,12,20,31,"10818,95"
7,1,13,11,14,"5551,81"
7,1,14,10,13,"4176,32"
7,1,15,9,13,"3763,59"
7,1,16,19,24,"9164,38"
7,1,17,8,14,"2822,54"
7,1,18,15,24,"7377,36"
7,1,19,12,16,"6856,23"
7,1,20,8,10,3246
7,1,21,10,10,"4084,84"
7,1,22,14,24,"6984,17"
7,1,23,7,14,"3141,67"
8,2,0,6,9,2914
8,2,1,1,1,377
8,2,2,4,9,"2443,45"
8,2,4,2,5,"1184,37"
8,2,5,1,1,"339,3"
8,2,6,8,10,"3809,37"
8,2,7,6,9,"2830,9"
8,2,8,8,12,"5897,59"
8,2,9,7,11,"3403,77"
8,2,10,10,18,"4543,29"
8,2,11,18,26,"7979,89"
8,2,12,13,18,"5578,28"
8,2,13,12,21,"5728,32"
8,2,14,10,17,"5753,72"
8,2,15,5,7,"2856,92"
8,2,16,12,18,"6254,84"
8,2,17,12,14,"5033,04"
8,2,18,9,11,"3383,26"
8,2,19,9,14,"5096,86"
8,2,20,16,20,"7536,92"
8,2,21,10,16,"7335,78"
8,2,22,11,18,6579
8,2,23,12,14,"4958,84"
9,2,0,3,3,"1093,3"
9,2,1,4,5,"2018,92"
9,2,2,1,2,1498
9,2,4,1,1,297
9,2,6,2,2,"772,04"
9,2,7,5,10,"4516,4"
9,2,8,4,5,"2682,2"
9,2,9,11,19,"6100,88"
9,2,10,14,22,"7518,98"
9,2,11,14,18,"6168,12"
9,2,12,14,20,"6607,78"
9,2,13,14,26,"8383,23"
9,2,14,13,18,"6385,13"
9,2,15,18,31,"11769,3"
9,2,16,14,18,"6992,9"
9,2,17,16,21,"8520,67"
9,2,18,22,32,"11143,72"
9,2,19,16,34,"9612,88"
9,2,20,31,63,"18516,81"
9,2,21,24,38,"12797,95"
9,2,22,23,28,"10496,66"
9,2,23,19,38,"13936,84"
10,2,0,12,26,"9416,4"
10,2,2,2,6,"826,49"
10,2,3,1,5,"896,37"
10,2,4,1,1,"339,3"
10,2,5,3,3,"901,55"
10,2,6,2,2,"678,6"
10,2,7,8,9,"3515,66"
10,2,8,11,16,"6641,44"
10,2,9,19,25,"9415,4"
10,2,10,13,28,"7042,23"
10,2,11,21,27,"10550,6"
10,2,12,18,21,"8049,1"
10,2,13,17,19,"7978,35"
10,2,14,16,23,"8329,53"
10,2,15,20,32,11217
10,2,16,11,18,"6198,34"
10,2,17,22,36,"10829,86"
10,2,18,10,10,"3930,57"
10,2,19,15,23,"7762,5"
10,2,20,21,41,"11323,03"
10,2,21,11,14,"4846,42"
10,2,22,13,23,"6255,58"
10,2,23,11,20,"7031,38"
11,2,0,8,14,"5818,02"
11,2,1,3,4,"1884,3"
11,2,2,1,2,"363,6"
11,2,5,1,6,"456,01"
11,2,6,6,11,"2950,77"
11,2,7,7,11,"3430,38"
11,2,8,9,10,"5015,8"
11,2,9,15,22,"8196,48"
11,2,10,19,28,"10120,43"
11,2,11,21,39,"11660,9"
11,2,12,23,45,"14483,3"
11,2,13,11,21,"5929,79"
11,2,14,11,18,"6140,06"
11,2,15,24,129,"40632,16"
11,2,16,17,25,"10417,61"
11,2,17,13,16,"6771,74"
11,2,18,9,21,"9402,14"
11,2,19,15,23,"9342,38"
11,2,20,16,23,"7888,51"
11,2,21,20,30,"9939,76"
11,2,22,14,18,"7069,37"
11,2,23,16,31,"9885,06"
12,2,0,9,12,"4112,45"
12,2,1,3,6,"2407,99"
12,2,2,3,4,"1529,5"
12,2,5,3,4,"1656,9"
12,2,6,2,2,"737,2"
12,2,7,9,16,"5756,92"
12,2,8,19,31,"9019,74"
12,2,9,10,12,"4828,04"
12,2,10,16,21,"8365,32"
12,2,11,94,105,"33141,68"
12,2,12,46,53,"15286,31"
12,2,13,59,63,"19547,92"
12,2,14,29,38,"12628,31"
12,2,15,16,24,"8241,03"
12,2,16,15,23,"7876,66"
12,2,17,20,30,"11201,93"
12,2,18,20,34,"10227,07"
12,2,19,9,19,"5283,92"
12,2,20,24,38,"14904,51"
12,2,21,17,22,"7874,84"
12,2,22,23,33,"11102,43"
12,2,23,13,22,"7913,05"
13,2,0,3,4,"1127,6"
13,2,3,1,3,1186
13,2,5,1,1,"339,3"
13,2,6,4,4,"1408,99"
13,2,7,8,11,"3049,15"
13,2,8,9,11,"4512,17"
13,2,9,7,10,"4232,52"
13,2,10,15,23,"7292,6"
13,2,11,13,21,"6535,94"
13,2,12,13,21,"7302,02"
13,2,13,14,28,"7291,55"
13,2,14,21,41,"11659,79"
13,2,15,14,22,"7557,58"
13,2,16,9,14,"5461,22"
13,2,17,15,25,"7982,29"
13,2,18,9,12,"4355,25"
13,2,19,18,25,"8232,88"
13,2,20,22,37,"11976,88"
13,2,21,15,23,8068
13,2,22,13,20,"7128,57"
13,2,23,13,20,"6396,9"
14,2,0,2,3,"709,3"
14,2,1,4,8,"2239,6"
14,2,2,1,3,"1308,6"
14,2,3,1,2,"858,6"
14,2,5,3,4,"1408,3"
14,2,6,6,7,"3479,8"
14,2,7,13,17,"7281,84"
14,2,8,11,14,"4837,5"
14,2,9,12,12,"4083,9"
14,2,10,14,24,"7352,2"
14,2,11,19,30,"8991,1"
14,2,12,16,25,"9741,5"
14,2,13,13,17,"5869,17"
14,2,14,15,26,"8567,58"
14,2,15,15,24,"8220,57"
14,2,16,18,25,"9511,5"
14,2,17,18,28,"8179,5"
14,2,18,14,25,"7389,82"
14,2,19,15,24,9321
14,2,20,17,24,"7144,68"
14,2,21,12,23,"6959,5"
14,2,22,9,10,"4278,8"
14,2,23,8,10,"3789,18"
15,3,0,5,7,"2475,38"
15,3,1,2,2,"726,2"
15,3,4,1,5,"1870,2"
15,3,5,2,6,"1643,3"
15,3,6,3,6,"1945,39"
15,3,7,2,2,"726,2"
15,3,8,9,17,"5777,8"
15,3,9,9,15,"4237,6"
15,3,10,19,33,9511
15,3,11,32,55,"16069,89"
15,3,12,22,36,"13966,7"
15,3,13,13,17,"7381,5"
15,3,14,13,30,"8308,3"
15,3,15,15,25,"8435,9"
15,3,16,19,36,"12833,34"
15,3,17,17,31,"10166,5"
15,3,18,18,35,"12134,2"
15,3,19,13,17,"6765,53"
15,3,20,14,25,"7745,29"
15,3,21,13,18,"5936,72"
15,3,22,12,16,"5153,9"
15,3,23,3,11,"3118,6"
16,3,0,3,4,"2085,2"
16,3,2,3,5,"1966,04"
16,3,3,1,2,"1103,4"
16,3,5,1,1,477
16,3,7,2,2,587
16,3,8,5,11,"3852,18"
16,3,9,9,17,"6265,5"
16,3,10,12,13,4909
16,3,11,9,10,"3698,8"
16,3,12,16,22,"7033,63"
16,3,13,11,17,"6363,67"
16,3,14,9,15,"4901,1"
16,3,15,11,16,"4567,07"
16,3,16,18,22,"7520,87"
16,3,17,18,27,"10495,76"
16,3,18,13,21,"6976,4"
16,3,19,27,46,"16747,8"
16,3,20,26,40,"15527,3"
16,3,21,38,57,"22265,78"
16,3,22,19,28,"8843,7"
16,3,23,15,27,"9147,58"
17,3,0,7,14,"4277,6"
17,3,1,9,11,"4090,1"
17,3,2,3,5,"1607,4"
17,3,3,2,4,"1146,3"
17,3,4,3,5,"1744,2"
17,3,6,1,1,480
17,3,7,3,4,"1441,7"
17,3,8,8,8,"3595,3"
17,3,9,7,10,"3504,53"
17,3,10,14,22,8575
17,3,11,10,18,"4896,04"
17,3,12,8,16,"3143,65"
17,3,13,12,28,"10095,84"
17,3,14,6,7,"2566,32"
17,3,15,12,27,"8736,04"
17,3,16,6,6,"2159,4"
17,3,17,6,6,"2244,45"
17,3,18,8,13,"4671,28"
17,3,19,22,30,"11296,58"
17,3,20,8,12,"4041,5"
17,3,21,12,16,"5530,35"
17,3,22,11,16,"4709,67"
17,3,23,5,6,"2160,66"
18,3,0,4,6,"2366,3"
18,3,1,1,1,"149,4"
18,3,2,1,1,"339,3"
18,3,3,1,2,837
18,3,7,2,2,"778,5"
18,3,8,6,9,"3468,1"
18,3,9,9,12,"4287,54"
18,3,10,10,16,"5841,1"
18,3,11,13,17,"7509,48"
18,3,12,9,15,"4659,12"
18,3,13,8,10,"3406,93"
18,3,14,12,20,"7101,24"
18,3,15,10,11,"3917,98"
18,3,16,9,14,"4538,44"
18,3,17,9,12,"3915,87"
18,3,18,3,4,"1353,7"
18,3,19,9,10,"3931,2"
18,3,20,5,9,"4208,7"
18,3,21,14,20,"6861,12"
18,3,22,19,25,"8755,2"
18,3,23,14,19,"5956,3"
19,3,0,12,16,"5958,07"
19,3,1,1,1,"582,3"
19,3,2,6,8,"3203,19"
19,3,6,7,10,"3058,45"
19,3,7,3,3,"1578,3"
19,3,8,8,10,"3798,94"
19,3,9,20,34,11517
19,3,10,20,34,"12381,12"
19,3,11,54,74,"25232,8"
19,3,12,39,50,"18634,42"
19,3,13,38,51,"16688,43"
19,3,14,19,25,"8861,49"
19,3,15,15,22,"7698,67"
19,3,16,11,22,"6094,56"
19,3,17,17,26,"7380,53"
19,3,18,6,8,"2716,06"
19,3,19,9,11,"4514,2"
19,3,20,11,16,5698
19,3,21,15,20,"7670,9"
19,3,22,5,6,"2442,5"
19,3,23,5,6,"2649,5"
20,3,0,3,3,"1327,5"
20,3,1,2,3,"1033,5"
20,3,2,1,2,"393,3"
20,3,3,1,1,427
20,3,4,1,6,2023
20,3,5,1,1,377
20,3,6,2,2,"798,3"
20,3,7,4,5,1758
20,3,8,8,13,"4691,06"
20,3,9,11,16,"6033,4"
20,3,10,11,20,"6545,75"
20,3,11,13,18,"6525,9"
20,3,12,14,17,"4744,76"
20,3,13,13,29,"6322,2"
20,3,14,14,18,"6184,09"
20,3,15,11,14,"5852,1"
20,3,16,11,14,"5276,62"
20,3,17,10,13,"4432,3"
20,3,18,13,18,"7386,8"
20,3,19,8,11,"4046,93"
20,3,20,184,277,"77261,95"
20,3,21,121,212,"57948,53"
20,3,22,74,119,"33150,49"
20,3,23,91,145,"40702,2"
21,3,0,11,17,"4985,78"
21,3,1,2,2,"687,4"
21,3,5,1,1,"349,2"
21,3,6,6,10,"2421,84"
21,3,7,7,13,"3066,22"
21,3,8,10,15,"5704,6"
21,3,9,11,12,"4100,05"
21,3,10,15,22,"6497,95"
21,3,11,16,32,"8582,14"
21,3,12,9,10,"3509,1"
21,3,13,14,19,"6726,4"
21,3,14,12,15,"4529,33"
21,3,15,8,11,"3432,4"
21,3,16,12,22,"7588,81"
21,3,17,13,18,"7295,33"
21,3,18,5,5,"1902,9"
21,3,19,6,7,3163
21,3,20,9,17,"5528,2"
21,3,21,10,14,"4816,47"
21,3,22,15,23,"8515,03"
21,3,23,9,12,"4278,1"
22,4,0,4,6,"2215,87"
22,4,1,1,1,"339,3"
22,4,6,1,3,"945,9"
22,4,7,5,12,"2957,24"
22,4,8,6,6,"1899,6"
22,4,9,9,13,"5753,75"
22,4,10,7,13,"4716,8"
22,4,11,21,30,"7842,6"
22,4,12,12,15,"5084,94"
22,4,13,10,10,3880
22,4,14,9,15,"5870,5"
22,4,15,8,10,"4891,9"
22,4,16,7,8,"2630,41"
22,4,17,9,9,"3513,92"
22,4,18,7,9,"3121,6"
22,4,19,9,10,"4002,31"
22,4,20,10,10,"4048,9"
22,4,21,12,14,"5433,1"
22,4,22,10,11,"4399,41"
22,4,23,9,12,"5036,29"
23,4,0,6,7,"2690,3"
23,4,1,2,3,"1245,6"
23,4,2,2,4,"1894,5"
23,4,3,1,1,377
23,4,5,1,2,"691,2"
23,4,7,4,4,"1439,9"
23,4,8,9,17,"6980,7"
23,4,9,5,9,"2407,4"
23,4,10,10,10,"3921,85"
23,4,11,11,14,"6158,1"
23,4,12,6,7,"2804,15"
23,4,13,11,11,"4169,21"
23,4,14,11,14,"4944,41"
23,4,15,10,14,"4843,3"
23,4,16,18,23,"8455,36"
23,4,17,9,15,"4607,04"
23,4,18,15,21,"7660,77"
23,4,19,21,29,"10325,58"
23,4,20,35,44,"16526,03"
23,4,21,22,36,"10853,14"
23,4,22,29,40,"15761,26"
23,4,23,8,9,"2896,2"
24,4,0,7,9,3671
24,4,1,5,7,"2473,1"
24,4,2,1,1,"339,3"
24,4,3,1,1,"339,3"
24,4,4,2,2,974
24,4,5,2,4,"866,7"
24,4,6,3,6,"2646,3"
24,4,7,4,4,"1563,6"
24,4,8,7,13,"2777,92"
24,4,9,12,13,"5690,45"
24,4,10,13,14,6101
24,4,11,13,15,"6223,77"
24,4,12,6,8,"3543,74"
24,4,13,9,15,"6210,67"
24,4,14,7,8,"3058,1"
24,4,15,12,21,"9020,59"
24,4,16,17,30,"7419,91"
24,4,17,12,16,"6440,62"
24,4,18,13,17,"6511,87"
24,4,19,13,20,"5573,71"
24,4,20,16,23,"8795,59"
24,4,21,16,26,"9637,2"
24,4,22,14,19,"5644,28"
24,4,23,16,21,"8896,81"
25,4,0,3,3,"1100,6"
25,4,2,2,4,"1565,2"
25,4,5,2,2,"688,5"
25,4,6,3,4,"1444,18"
25,4,7,7,9,"3681,3"
25,4,8,9,16,"4358,08"
25,4,9,21,31,"8974,95"
25,4,10,14,22,"7516,73"
25,4,11,12,23,"8399,74"
25,4,12,16,20,"7761,27"
25,4,13,9,14,"4605,45"
25,4,14,19,28,9796
25,4,15,10,13,"5180,91"
25,4,16,17,20,"7585,87"
25,4,17,11,12,"4570,15"
25,4,18,9,9,"3505,07"
25,4,19,15,24,"9316,97"
25,4,20,17,21,"7559,5"
25,4,21,30,43,"17538,07"
25,4,22,30,39,"14885,61"
25,4,23,11,19,"8070,32"
26,4,0,11,17,"6472,8"
26,4,2,1,1,447
26,4,3,1,1,297
26,4,4,1,1,"349,2"
26,4,5,4,5,"2042,61"
26,4,6,4,5,"1605,9"
26,4,7,4,8,"1756,47"
26,4,8,10,17,"5388,34"
26,4,9,12,23,"8492,52"
26,4,10,13,16,"6444,54"
26,4,11,99,122,"36134,4"
26,4,12,50,62,"20909,53"
26,4,13,55,72,"23042,24"
26,4,14,37,53,"20400,84"
26,4,15,28,42,"13539,2"
26,4,16,18,21,"8255,9"
26,4,17,14,18,"5154,41"
26,4,18,25,31,"12448,65"
26,4,19,16,21,"7078,48"
26,4,20,17,27,"7902,81"
26,4,21,27,44,"14699,26"
26,4,22,23,29,"12128,11"
26,4,23,18,26,"10084,41"
27,4,0,3,4,"1734,3"
27,4,1,3,5,2069
27,4,2,2,3,"1290,6"
27,4,3,2,4,"2104,3"
27,4,4,2,3,1431
27,4,5,1,1,"384,3"
27,4,6,4,6,2734
27,4,7,12,15,"6885,8"
27,4,8,14,17,"7080,27"
27,4,9,16,22,"8004,39"
27,4,10,15,25,"8926,12"
27,4,11,19,25,"9968,26"
27,4,12,13,24,"8787,3"
27,4,13,19,33,"10540,62"
27,4,14,19,21,"7699,93"
27,4,15,18,26,"10145,85"
27,4,16,18,36,"8480,8"
27,4,17,20,25,"10699,54"
27,4,18,12,13,"4874,6"
27,4,19,26,41,"15898,69"
27,4,20,165,235,"74135,13"
27,4,21,103,170,51676
27,4,22,84,131,"39850,19"
27,4,23,73,117,"34188,19"
28,4,0,45,65,"20699,43"
28,4,1,16,20,"6539,3"
28,4,2,5,7,"2571,5"
28,4,3,3,10,1947
28,4,4,9,17,"4254,36"
28,4,5,11,11,"3253,34"
28,4,6,20,29,"8509,18"
28,4,7,28,40,"12212,21"
28,4,8,44,67,"19241,85"
28,4,9,66,84,"27446,97"
28,4,10,76,112,"32209,02"
28,4,11,86,140,"39777,91"
28,4,12,85,153,"42128,33"
28,4,13,73,121,"35352,22"
28,4,14,70,110,"32777,56"
28,4,15,93,121,"37692,13"
28,4,16,63,93,"27551,69"
28,4,17,94,174,"45488,18"
28,4,18,94,155,"42821,21"
28,4,19,94,171,"41892,26"
28,4,20,113,183,"49959,85"
28,4,21,108,180,"52929,31"
28,4,22,117,214,"54725,61"
28,4,23,118,196,"55379,7"
29,4,0,55,98,"26523,28"
29,4,1,23,44,"10341,33"
29,4,2,15,28,"7143,35"
29,4,3,5,5,1773
29,4,4,4,10,2237
29,4,5,8,12,"4158,2"
29,4,6,17,20,"6788,3"
29,4,7,34,58,14238
29,4,8,38,54,"16995,87"
29,4,9,62,90,"27923,8"
29,4,10,50,89,"25047,56"
29,4,11,60,83,"25695,91"
29,4,12,50,101,"25203,45"
29,4,13,39,51,"15797,35"
29,4,14,46,81,23461
29,4,15,59,101,"25244,3"
29,4,16,61,82,"23974,4"
29,4,17,55,84,"22221,5"
29,4,18,36,49,"17610,37"
29,4,19,50,76,"20317,86"
29,4,20,39,65,"17713,58"
29,4,21,61,94,"25930,68"
29,4,22,41,61,"17695,7"
29,4,23,22,37,8331
30,4,0,26,56,"13709,6"
30,4,1,12,21,5867
30,4,2,10,12,"3351,05"
30,4,3,1,1,297
30,4,4,4,23,"4350,77"
30,4,5,3,3,1014
30,4,6,7,10,"3292,18"
30,4,7,19,27,"7593,9"
30,4,8,27,43,"11994,87"
30,4,9,51,82,"21110,97"
30,4,10,65,111,"32297,3"
30,4,11,69,94,"29152,69"
30,4,12,49,82,"23900,44"
30,4,13,57,95,"26745,01"
30,4,14,50,81,"23435,7"
30,4,15,58,84,"25091,7"
30,4,16,56,95,"24696,63"
30,4,17,76,139,"37004,1"
30,4,18,74,130,"36333,51"
30,4,19,95,148,"41054,61"
30,4,20,111,193,"50417,01"
30,4,21,152,261,"74862,42"
30,4,22,133,190,"56979,07"
30,4,23,132,227,"66619,1"